id,id_penduduk,first_name,last_name,gender,address,city,email
1,3298519340,Shanan,Legging,Male,73544 Pearson Park,Nantes,slegging0@newyorker.com
2,7244125798,Chico,Gateman,Male,7 Northfield Junction,Sena,cgateman1@sbwire.com
3,9198124676,Quinn,Lewnden,Female,3 Clarendon Court,Cho-airong,qlewnden2@example.com
4,4549540249,Maude,De Witt,Female,50754 Burrows Parkway,Lensk,mdewitt3@livejournal.com
5,0060230061,Redd,Bras,Female,9179 Maple Crossing,Odivelas,rbras4@toplist.cz
6,6527827644,Davey,Headings,Male,66130 Hoard Drive,Zvëzdnyy,dheadings5@sbwire.com
7,9479582279,Pamelina,Uzelli,Female,36 Forest Dale Circle,Woippy,puzelli6@biblegateway.com
8,6800257885,Xever,Ostridge,Female,97502 Reindahl Junction,Yancheng,xostridge7@hexun.com
9,4253504639,Ethyl,Clynter,Male,00 Lukken Road,Norton,eclynter8@cbslocal.com
10,8310832729,Stanislaw,Simonite,Male,14 Eliot Road,Ndewel,ssimonite9@feedburner.com
11,9495646146,Brennen,Imorts,Male,839 Northport Court,Caen,bimortsa@yellowpages.com
12,9923387380,Parrnell,Seydlitz,Female,2151 Lakewood Gardens Trail,Nangkasari,pseydlitzb@opensource.org
13,6688057530,Arch,Eliassen,Female,7406 Westridge Crossing,Ibirama,aeliassenc@csmonitor.com
14,0228370981,Yasmeen,Marrow,Male,70481 Cascade Terrace,Chengnan,ymarrowd@yelp.com
15,6934680928,Melva,Achromov,Male,74033 Union Pass,Bagong Sikat,machromove@ftc.gov
16,0690152558,Binni,Mathivet,Male,1 Sommers Terrace,Geldrop,bmathivetf@nymag.com
17,2808197500,Aleda,Todari,Female,32 Sunnyside Pass,‘Eilabun,atodarig@epa.gov
18,5472446856,Salome,Penrose,Male,2 Morning Center,Junshan,spenroseh@quantcast.com
19,5596814008,Worthington,Verrall,Male,4 Del Sol Parkway,San Pedro,wverralli@hao123.com
20,4678136916,Theresita,Plante,Female,36 Hintze Circle,Karagay,tplantej@buzzfeed.com
21,3123797651,Bjorn,Davitti,Male,30303 Independence Circle,Valence,bdavittik@squidoo.com
22,6648549238,Bendick,Moneypenny,Male,972 Hanover Center,Shibukawa,bmoneypennyl@springer.com
23,7983245300,Lincoln,Fishwick,Male,032 Crest Line Crossing,Guli,lfishwickm@ucsd.edu
24,2541323220,Danella,Derrington,Male,24 Porter Hill,Funehikimachi-funehiki,dderringtonn@lulu.com
25,2318733716,Sigfried,Doulton,Female,5 Beilfuss Park,Xiangrong,sdoultono@de.vu
26,3079186222,Fairlie,Lazer,Female,6318 Division Road,Loboniki,flazerp@bizjournals.com
27,2886593788,Pattin,Ciccarello,Male,881 Kings Avenue,Lukhovka,pciccarelloq@dell.com
28,0616422008,Banky,Houldcroft,Male,0764 Morningstar Pass,Tukbur,bhouldcroftr@fda.gov
29,6935355281,Margret,Phippin,Male,40 Garrison Terrace,Valença do Piauí,mphippins@oaic.gov.au
30,2194154647,Flinn,Camerello,Female,484 Banding Place,Wenchi,fcamerellot@angelfire.com
31,1792374364,Trista,Goldine,Female,740 Warbler Plaza,Stará Paka,tgoldineu@parallels.com
32,1380059453,Alistair,Middlemass,Male,43758 Crescent Oaks Junction,Sirre,amiddlemassv@uol.com.br
33,0120683237,Reinhard,Paulucci,Male,43 Ridge Oak Alley,Łącko,rpaulucciw@amazon.com
34,8037408221,Antonie,Dalgardno,Female,6767 Forest Run Way,Arevik,adalgardnox@wikimedia.org
35,4798151971,Brit,Westpfel,Male,4527 Dryden Center,Mompós,bwestpfely@constantcontact.com
36,3198729157,Matthias,Laundon,Male,72 Hollow Ridge Street,Lacdayan,mlaundonz@studiopress.com
37,9243841211,Albertina,Passfield,Female,15 Evergreen Junction,Xiangrong,apassfield10@seesaa.net
38,4853967818,Gavan,Linebarger,Male,45575 Old Shore Point,Hailin,glinebarger11@google.ca
39,7006956404,Lynnet,Itzchaki,Female,1886 Pankratz Place,Dipayal,litzchaki12@un.org
40,3719207617,Ruprecht,Claypool,Female,10 Fairfield Circle,Moravský Písek,rclaypool13@nationalgeographic.com
41,9747189496,Piotr,Petkovic,Female,63215 Anderson Plaza,Cibitung,ppetkovic14@ning.com
42,8291460442,Valentine,Donaldson,Female,51 International Street,Końskowola,vdonaldson15@phpbb.com
43,4128818208,Suzette,Cattanach,Female,83870 Debra Street,Ajasse Ipo,scattanach16@google.com.br
44,4967326765,Link,Starmore,Female,43720 Delladonna Parkway,Saquarema,lstarmore17@state.tx.us
45,2218389703,Shoshana,Howgill,Female,5 Riverside Circle,Philadelphia,showgill18@theglobeandmail.com
46,5510464984,Edward,Studdal,Female,2 3rd Parkway,Cipanjang,estuddal19@cyberchimps.com
47,9182609098,Blanche,Franzetti,Male,3 Knutson Alley,Champerico,bfranzetti1a@ask.com
48,5424816398,Jessie,Jouannin,Male,5 Jay Circle,Ploemeur,jjouannin1b@guardian.co.uk
49,4690569932,Lea,Shann,Male,35967 Porter Alley,Gempolan Wetan,lshann1c@ca.gov
50,1675951349,Rodina,Bridgestock,Female,9407 Transport Plaza,Jianchang,rbridgestock1d@vimeo.com
51,1150979690,Kynthia,Slemming,Male,78437 Arapahoe Parkway,Bartsrashen,kslemming1e@dedecms.com
52,1574743155,Dianne,Self,Male,202 Clove Drive,Mili,dself1f@kickstarter.com
53,2936099471,Tatum,Willder,Male,21326 Granby Avenue,Kishorganj,twillder1g@un.org
54,5050058112,Nancy,Blaksley,Female,83 Calypso Crossing,Banjarjo,nblaksley1h@techcrunch.com
55,5322021434,Dugald,Cokly,Female,1 Hazelcrest Plaza,Ostrzeszów,dcokly1i@hatena.ne.jp
56,7563007288,Elton,Gorini,Male,45477 Jenifer Court,Xiashu,egorini1j@stumbleupon.com
57,0780150996,Dare,Romei,Female,2 Bultman Center,Dame-Marie,dromei1k@vkontakte.ru
58,1732957169,Lorrayne,Shaves,Female,04475 Bluejay Plaza,Luzhi,lshaves1l@paginegialle.it
59,3472145439,Wrennie,Tremayle,Female,4822 Stone Corner Alley,Kudamatsu,wtremayle1m@drupal.org
60,8746894519,Vivie,Chmarny,Male,53479 Erie Lane,Coroico,vchmarny1n@netlog.com
61,8210779915,Jarib,Bilbrey,Male,3 Pine View Circle,Ngori,jbilbrey1o@nih.gov
62,8103709387,Rich,Dyment,Female,0 Atwood Center,Cerna,rdyment1p@wiley.com
63,4857687585,Maureen,Gartan,Male,557 Aberg Center,Gaozhuang,mgartan1q@histats.com
64,1918437483,Tessi,Purtell,Male,59619 Carberry Terrace,Xiangrong,tpurtell1r@rakuten.co.jp
65,9625347968,Magdaia,Aloshechkin,Male,6625 Talmadge Road,Wuxiang,maloshechkin1s@live.com
66,9759475855,Carly,Roeby,Female,7784 Delaware Point,São Fidélis,croeby1t@diigo.com
67,5500103113,Gav,Bandey,Male,2 Duke Road,Mocupe,gbandey1u@360.cn
68,0738213799,Teodoro,Shepcutt,Female,7701 Nancy Hill,Langxi,tshepcutt1v@ucla.edu
69,5207797832,Collete,Hookes,Male,57801 Carey Pass,Yijing,chookes1w@vimeo.com
70,6625104361,Sayer,Waldram,Male,50379 Dottie Street,Halmstad,swaldram1x@loc.gov
71,0837054664,Leia,Sive,Male,63949 Bunting Center,Padangguci,lsive1y@icq.com
72,3505375004,Giffy,Fullom,Male,4 Ruskin Terrace,Perzów,gfullom1z@hc360.com
73,2468395514,Sophronia,Scarasbrick,Female,5439 Memorial Parkway,Zhaojia,sscarasbrick20@discuz.net
74,9770916668,Leslie,Samber,Female,84000 Northport Parkway,Xiwei,lsamber21@slate.com
75,8832704455,Clara,Cleeves,Female,31257 Starling Plaza,Líně,ccleeves22@cyberchimps.com
76,2564117945,Burty,McArt,Female,8 Charing Cross Avenue,Kaynardzha,bmcart23@lulu.com
77,9923220907,Cam,Morgan,Female,5 Porter Plaza,Vitali,cmorgan24@si.edu
78,2875449141,Corinna,Brookzie,Male,6 Monterey Alley,Verkhozim,cbrookzie25@ted.com
79,6331529489,Justinian,Paddemore,Female,4 Summerview Hill,Hisya,jpaddemore26@jigsy.com
80,6789570861,Albrecht,Doumenc,Male,54175 Miller Center,Portsmouth,adoumenc27@51.la
81,6911856841,Dulce,Ferrierio,Male,072 Bobwhite Place,Delmas,dferrierio28@washingtonpost.com
82,7040936461,Carr,Pothecary,Female,6 Merchant Alley,Betzdorf,cpothecary29@cisco.com
83,9553427839,Josi,Serman,Male,58 Lunder Center,Jamban,jserman2a@google.nl
84,2776705824,Carole,Hudel,Male,9 Bunting Court,Gryaznovskoye,chudel2b@mlb.com
85,5147511210,Field,Gowers,Male,1 Schmedeman Terrace,Dalu,fgowers2c@phoca.cz
86,8502119087,Amandie,Bowe,Female,91 Clove Plaza,Cherskiy,abowe2d@com.com
87,9170380546,Nero,Toke,Male,25247 Nobel Plaza,Kudang,ntoke2e@java.com
88,7305532525,Meir,Rubenczyk,Male,1 Crest Line Drive,Bielawy,mrubenczyk2f@gov.uk
89,4866233249,Jillie,Grimmert,Male,82343 Bluestem Court,Muang Phôn-Hông,jgrimmert2g@barnesandnoble.com
90,9879963172,Evyn,Wincer,Female,58077 Birchwood Court,Solna,ewincer2h@histats.com
91,2888261774,Leyla,Corrington,Female,04754 Blaine Park,Chợ Gạo,lcorrington2i@google.de
92,4637042348,Felic,Anyon,Female,264 Ludington Point,Sinyavino,fanyon2j@phoca.cz
93,3185900340,Barb,Klees,Female,9686 Merrick Drive,Pong,bklees2k@infoseek.co.jp
94,6938708711,Vasili,Willoughway,Female,312 Dexter Trail,El Banco,vwilloughway2l@businessinsider.com
95,8557164122,Alair,Bowmen,Male,06047 Ronald Regan Terrace,Terenozek,abowmen2m@yellowbook.com
96,0667344950,Jasmina,Williment,Male,1 Saint Paul Park,Boyany,jwilliment2n@webeden.co.uk
97,7635578936,Baudoin,Leachman,Male,29 Ridgeview Lane,Gbarnga,bleachman2o@barnesandnoble.com
98,9769550450,Meriel,Messager,Female,641 Stone Corner Plaza,Shishan,mmessager2p@paginegialle.it
99,3774043981,Ivie,Schimoni,Female,60434 Colorado Center,Banī Mazār,ischimoni2q@amazon.de
100,0121406849,Giselle,Milburn,Male,0518 Armistice Junction,Dewetsdorp,gmilburn2r@jalbum.net
